"Managed_Area","Parameter","Covariate","n","spatial_w_regression","random_effects_no_spatial","spatial_no_regression","global_mean_spatial_w_regression_mean","global_mean_spatial_w_regression_sd","alpha_spatial_w_regression_mean","alpha_spatial_w_regression_sd","rho_spatial_w_regression_mean","rho_spatial_w_regression_sd","slope_spatial_w_regression_mean","slope_spatial_w_regression_sd","global_mean_random_effects_no_spatial_mean","global_mean_random_effects_no_spatial_sd","slope_random_effects_no_spatial_mean","slope_random_effects_no_spatial_sd","global_mean_spatial_no_regressionl_mean","global_mean_spatial_no_regression_sd","alpha_spatial_no_regression_mean","alpha_spatial_no_regression_sd","rho_spatial_no_regression_mean","rho_spatial_no_regression_sd"
"Estero Bay Aquatic Preserve","Shell Height","salinity",36,0.420778270824589,0.419885470659651,0.977258573816881,34.212005145,1.13131056246305,1.11939653747954,0.801006944888308,1.983174615,0.20229637014403,0.6112228221,0.0397182675453788,34.602842955,0.136756099008047,0.61261838105,0.0401674823568542,34.212005145,1.13131056246305,1.11939653747954,0.801006944888308,1.983174615,0.20229637014403
"Estero Bay Aquatic Preserve","Shell Height","dissolved_oxygen",36,0.76526189347248,-0.0262400198128671,0.977258573816881,34.195380075,1.11187584277426,1.9027508327162,1.6452238282604,1.4907894224982,0.878231526420782,-0.79132752146857,0.426807224098472,34.862944055,0.134558369462463,-0.90840621795,0.141011746425162,34.195380075,1.11187584277426,1.9027508327162,1.6452238282604,1.4907894224982,0.878231526420782
"Estero Bay Aquatic Preserve","Shell Height","depth",36,-0.0454339847515361,-0.0454629890945626,0.977258573816881,34.328541845,1.01947695380105,0.8208359994327,0.622188329132515,1.9991107815,0.19889879666456,1.2207731992,0.248249935308715,34.63385823,0.14881795352185,1.2218863559,0.241731097560564,34.328541845,1.01947695380105,0.8208359994327,0.622188329132515,1.9991107815,0.19889879666456
"Estero Bay Aquatic Preserve","Percent Live","salinity",23,0.248416590809222,0.248316155228076,0.971109738349729,30.218018,1.78961100759353,0.831943850553,0.627587642767617,2.000029367,0.19797713176641,0.746816306458375,0.311202673525996,31.063539925,1.4005500473015,1.147026359902,0.385086539477552,30.218018,1.78961100759353,0.831943850553,0.627587642767617,2.000029367,0.19797713176641
"Estero Bay Aquatic Preserve","Percent Live","dissolved_oxygen",23,0.0412963054015979,0.0409543334162518,0.971109738349729,30.65298092,1.78902004152061,0.83267445118804,0.623270440584543,1.999883467,0.201453595850915,-1.53533052433189,1.72571424228694,31.81273336,1.45939596047117,-2.8152119015985,2.23713284771626,30.65298092,1.78902004152061,0.83267445118804,0.623270440584543,1.999883467,0.201453595850915
"Estero Bay Aquatic Preserve","Percent Live","depth",23,0.300362770138944,0.300358062440702,0.971109738349729,31.09915004,1.70136864984698,0.825285059426465,0.625075449606133,2.000950533,0.201027798733506,-9.6062591645,1.87354649883163,32.26309822,1.32631297780486,-13.494165416,2.16335034621675,31.09915004,1.70136864984698,0.825285059426465,0.625075449606133,2.000950533,0.201027798733506
"Estero Bay Aquatic Preserve","Density","salinity",34,0.0785517026538174,0.0785500101681916,0.967928219877782,13.5308411295,1.56022675678288,0.79881147711745,0.598768174972759,2.0004136595,0.200647833617086,-0.67780522755925,0.25014847352046,14.3326275535,1.22458941616748,-1.1581534822445,0.320743246560069,13.5308411295,1.56022675678288,0.79881147711745,0.598768174972759,2.0004136595,0.200647833617086
"Estero Bay Aquatic Preserve","Density","dissolved_oxygen",34,0.297081696983241,0.297072238644499,0.967928219877782,12.699302774,1.56289293615045,0.795170417692435,0.593152134638681,1.9983278275,0.199311767973138,1.3254252718658,1.29181959772574,12.8937110195,1.28098654289095,2.56882696581425,1.81313329787623,12.699302774,1.56289293615045,0.795170417692435,0.593152134638681,1.9983278275,0.199311767973138
"Estero Bay Aquatic Preserve","Density","depth",34,-0.139485377496917,-0.139522602265899,0.967928219877782,12.847639801,1.60627117493672,0.79803830134107,0.602973208361949,2.0006820565,0.198788636897394,0.917649973728595,1.61117412629407,13.1897095165,1.22902858284425,1.4577213742562,2.04259081047324,12.847639801,1.60627117493672,0.79803830134107,0.602973208361949,2.0006820565,0.198788636897394
"Guana River Marsh Aquatic Preserve","Shell Height","salinity",93,0.999468492398009,0.301238370291759,0.999741692982077,40.888046645,0.873330755770225,7.8946052975,0.385883312228793,0.00027884485268865,8.49242946761598e-05,-1.0577645851025,0.364000845495821,40.93151901,0.152114932443378,-3.3020752715,0.103608513299476,40.888046645,0.873330755770225,7.8946052975,0.385883312228793,0.00027884485268865,8.49242946761598e-05
"Guana River Marsh Aquatic Preserve","Shell Height","dissolved_oxygen",93,0.9994748955872,0.209535223068825,0.999741692982077,40.9344679,0.906300244019721,8.0136327665,0.392257033944651,0.00027870538279965,8.64958121460885e-05,-3.06229751317534,1.58306068783042,40.125673575,0.148879007399168,-8.4028935895,0.41582485941434,40.9344679,0.906300244019721,8.0136327665,0.392257033944651,0.00027870538279965,8.64958121460885e-05
"Guana River Marsh Aquatic Preserve","Shell Height","depth",93,0.999552285632983,-0.0152145921503232,0.999741692982077,40.81837094,0.891219036530341,8.1117352375,0.395628791327464,0.00028423281823073,8.70684776675653e-05,0.029200499327175,0.542316187546172,39.595400725,0.149128286851527,-0.644228911565,0.138664769811433,40.81837094,0.891219036530341,8.1117352375,0.395628791327464,0.00028423281823073,8.70684776675653e-05
"Guana River Marsh Aquatic Preserve","Percent Live","salinity",93,0.156032604442985,0.15585542488207,0.999428031553297,24.965307485,1.01799412599067,0.802381703130196,0.597491976140314,1.9999227245,0.201708635835382,0.90843198673,0.227723182766602,25.21323123,0.41560841726018,1.0804736414,0.240125368844151,24.965307485,1.01799412599067,0.802381703130196,0.597491976140314,1.9999227245,0.201708635835382
"Guana River Marsh Aquatic Preserve","Percent Live","dissolved_oxygen",93,0.17358343586864,0.173404206040498,0.999428031553297,25.134660965,1.01901744221095,0.8012005460924,0.606323590685109,1.9979791935,0.202790439383394,5.0252176625,0.958584971180296,25.372022275,0.416059409022217,5.9208467505,1.01896373756098,25.134660965,1.01901744221095,0.8012005460924,0.606323590685109,1.9979791935,0.202790439383394
"Guana River Marsh Aquatic Preserve","Percent Live","depth",93,0.226482315039892,0.226397809187569,0.999428031553297,24.90542286,1.24139014855583,0.840204248131285,0.630510601983822,2.0002515765,0.197152943926193,1.6735125265,0.32923678624509,25.187696435,0.413012039021878,1.98078849745,0.357864775030543,24.90542286,1.24139014855583,0.840204248131285,0.630510601983822,2.0002515765,0.197152943926193
"Guana River Marsh Aquatic Preserve","Density","salinity",93,0.367303809589634,0.36727687334895,0.998920564764773,11.1260596295,1.09473656039851,0.794821517507745,0.603476395307595,1.9966433925,0.201573319469795,1.2985661312,0.247960339710874,11.2685295885,0.446411831839755,1.59806173925,0.275674472641411,11.1260596295,1.09473656039851,0.794821517507745,0.603476395307595,1.9966433925,0.201573319469795
"Guana River Marsh Aquatic Preserve","Density","dissolved_oxygen",93,0.299272284608963,0.29892881681138,0.998920564764773,11.2563056965,1.14142553416922,0.818664177695565,0.605223407024274,1.9982985005,0.19810201748451,4.330751953,1.04491976667169,11.469586215,0.454693413586179,5.25192271255,1.12607549843609,11.2563056965,1.14142553416922,0.818664177695565,0.605223407024274,1.9982985005,0.19810201748451
"Guana River Marsh Aquatic Preserve","Density","depth",93,0.211989863620739,0.211613161915803,0.998920564764773,11.226330551,1.1029399137865,0.814204123446325,0.614138701977438,1.9953294195,0.202788141178838,1.086936035365,0.351910876036819,11.395659511,0.452982820219555,1.31271595175,0.380422363066668,11.226330551,1.1029399137865,0.814204123446325,0.614138701977438,1.9953294195,0.202788141178838
"Apalachicola Bay Aquatic Preserve","Shell Height","salinity",38,0.995540422466889,0.121384125841544,0.999824486832663,20.57902356,1.31684298284875,6.186075093,0.449183644223087,0.0031818874775,0.000491780274751086,0.096937551112065,0.206466069247051,22.28841525,0.0906062080581923,0.14250797796,0.0244067434183342,20.57902356,1.31684298284875,6.186075093,0.449183644223087,0.0031818874775,0.000491780274751086
"Apalachicola Bay Aquatic Preserve","Shell Height","dissolved_oxygen",38,0.995447352756546,0.223274644123641,0.999824486832663,20.445048345,1.31427847233393,6.0735257765,0.441585803185254,0.0033002014155,0.000539377329662389,1.60410340031846,0.897580128719779,22.498569415,0.0916797344986539,1.2228880114,0.072050418856982,20.445048345,1.31427847233393,6.0735257765,0.441585803185254,0.0033002014155,0.000539377329662389
"Apalachicola Bay Aquatic Preserve","Shell Height","depth",38,0.996019065721821,0.48345524931405,0.999824486832663,20.56951131,1.19665744217499,5.801993941,0.443701648158982,0.002893880863,0.000448375478779197,5.3299636483975,1.8606511257969,23.076071635,0.0876182308805988,10.425128558,0.177444569363056,20.56951131,1.19665744217499,5.801993941,0.443701648158982,0.002893880863,0.000448375478779197
"Apalachicola Bay Aquatic Preserve","Percent Live","salinity",49,0.967768336546274,0.472316697759696,0.986129706989846,43.1090234,2.28875772693356,11.021298513,0.5641858823367,0.0033753121585,0.000789163403344013,-0.8219222703265,0.259270483549615,50.464695335,0.972182393440163,-2.35557449,0.26508090387825,43.1090234,2.28875772693356,11.021298513,0.5641858823367,0.0033753121585,0.000789163403344013
"Apalachicola Bay Aquatic Preserve","Percent Live","dissolved_oxygen",49,0.962777546969789,0.0029930332999695,0.986129706989846,43.395495975,2.36738876773465,11.1122410815,0.593807142904044,0.0041435441535,0.00113932958835545,1.8431204468575,1.29906616018692,52.83007724,0.960934592043336,3.6481029977,0.996131588432426,43.395495975,2.36738876773465,11.1122410815,0.593807142904044,0.0041435441535,0.00113932958835545
"Apalachicola Bay Aquatic Preserve","Percent Live","depth",49,0.97268529260737,0.728316732640019,0.986129706989846,44.29589122,2.60830574179256,8.23981474058305,4.19152831458207,0.500111251492,0.867241591312008,-9.5552521235,3.36010736028467,44.821281625,1.03881462012075,-26.00604152,1.62607830201233,44.29589122,2.60830574179256,8.23981474058305,4.19152831458207,0.500111251492,0.867241591312008
"Apalachicola Bay Aquatic Preserve","Density","salinity",35,0.999867202557029,-0.00331047421297181,0.999999640628711,0.5968867497749,0.227510605833439,1.11342035195,0.157082825842877,0.002042035004032,0.000475921376904935,-0.0179363299084639,0.0630210278065436,0.6115512935,0.0295056368386114,0.0218351472790575,0.00990566269966581,0.5968867497749,0.227510605833439,1.11342035195,0.157082825842877,0.002042035004032,0.000475921376904935
"Apalachicola Bay Aquatic Preserve","Density","dissolved_oxygen",35,0.999880449809702,0.23121879276286,0.999999640628711,0.60971766481145,0.220472997803874,1.09778859845,0.162000172562352,0.001927612806806,0.000556267779815954,-0.1020433664403,0.249885852455272,0.62784413635,0.0286399262351075,-0.2268419469,0.0282647310287235,0.60971766481145,0.220472997803874,1.09778859845,0.162000172562352,0.001927612806806,0.000556267779815954
"Apalachicola Bay Aquatic Preserve","Density","depth",35,0.999847649483959,0.0392973124861403,0.999999640628711,0.6042294334133,0.230570642575124,1.1136100602,0.15768106434237,0.0020721667312865,0.000510068739527687,-0.283773186881,0.605498449410253,0.6152759855,0.0293268149672581,-0.353887127189,0.0785280660751098,0.6042294334133,0.230570642575124,1.1136100602,0.15768106434237,0.0020721667312865,0.000510068739527687
"Apalachicola National Estuarine Research Reserve","Shell Height","salinity",50,0.999127083127956,0.316414735400057,0.999790536354845,22.553371685,1.11305973303647,6.7614925075,0.426363308618793,0.00182540709035,0.00026209533385712,0.37745243135525,0.179841635497007,23.728991675,0.061643571543917,0.09085695931,0.0141311371342199,22.553371685,1.11305973303647,6.7614925075,0.426363308618793,0.00182540709035,0.00026209533385712
"Apalachicola National Estuarine Research Reserve","Shell Height","dissolved_oxygen",50,0.999161299732343,0.238504316887216,0.999790536354845,22.517150765,1.13274775932232,6.7068403395,0.425746668848591,0.0021155894182,0.000301649282455348,2.87028079673,0.952920956302056,23.842622165,0.0589920641899794,1.603955311,0.0664820626768316,22.517150765,1.13274775932232,6.7068403395,0.425746668848591,0.0021155894182,0.000301649282455348
"Apalachicola National Estuarine Research Reserve","Shell Height","depth",50,0.999096828743918,0.531901140103003,0.999790536354845,22.584986905,1.04254480691467,6.3693258525,0.426128357840711,0.00176055548985,0.000272241895619165,5.127411735205,1.27232419860745,25.18609432,0.0662951927922905,4.791624321,0.107611519552769,22.584986905,1.04254480691467,6.3693258525,0.426128357840711,0.00176055548985,0.000272241895619165
"Apalachicola National Estuarine Research Reserve","Percent Live","salinity",65,0.978354018264111,0.405997973347666,0.989366681526396,48.440792815,2.50196855121171,12.705919015,0.574616546645425,0.0067271028515,0.00136745818379189,-0.400857038896595,0.201114643935292,59.198090515,0.788763928485119,-0.42290749973,0.183304436896221,48.440792815,2.50196855121171,12.705919015,0.574616546645425,0.0067271028515,0.00136745818379189
"Apalachicola National Estuarine Research Reserve","Percent Live","dissolved_oxygen",65,0.975437429621962,0.0127168851798699,0.989366681526396,48.353585875,2.59887836908807,12.538779995,0.560388308505018,0.007718148006,0.00100373325695338,2.471007348913,1.11934837610601,59.627470245,0.785650103098934,2.8004421234735,0.912086264677205,48.353585875,2.59887836908807,12.538779995,0.560388308505018,0.007718148006,0.00100373325695338
"Apalachicola National Estuarine Research Reserve","Percent Live","depth",65,0.985485680761238,0.746651489174874,0.989366681526396,47.03562635,2.18677316545465,12.52462346,0.547046551909548,0.003305271768,0.00101538724532808,-6.7968722965,1.3356395820054,47.005109665,0.856562632556582,-29.26157721,1.14467445949472,47.03562635,2.18677316545465,12.52462346,0.547046551909548,0.003305271768,0.00101538724532808
"Apalachicola National Estuarine Research Reserve","Density","salinity",44,0.999907982881878,0.330999138478149,0.999999512815849,1.253112155615,0.372356451138853,2.530781317,0.255232361109252,0.000236362589997795,0.000144046092165508,0.227720690365095,0.0994584750815917,1.05100227865,0.0318910754959772,0.102088042545,0.00832982763373702,1.253112155615,0.372356451138853,2.530781317,0.255232361109252,0.000236362589997795,0.000144046092165508
"Apalachicola National Estuarine Research Reserve","Density","dissolved_oxygen",44,0.999912953787044,0.120330059699727,0.999999512815849,1.2705018904495,0.399249515594026,2.643189705,0.262457629553379,0.000276760372474895,0.00016509121855406,-0.428007874416175,0.480215470131685,1.08982819915,0.0325884365062868,-0.2138054348,0.0362938835317363,1.2705018904495,0.399249515594026,2.643189705,0.262457629553379,0.000276760372474895,0.00016509121855406
"Apalachicola National Estuarine Research Reserve","Density","depth",44,0.999920862256799,-0.356116925932821,0.999999512815849,1.2606889481325,0.380861980491107,2.5134206485,0.247077049982016,0.000216323282011632,0.000134787577171373,1.87869388997047,0.782276650351518,1.02670502525,0.0330653362072161,-0.8260686668,0.0855707862324836,1.2606889481325,0.380861980491107,2.5134206485,0.247077049982016,0.000216323282011632,0.000134787577171373
"Indian River-Vero Beach to Ft. Pierce Aquatic Preserve","Shell Height","salinity",6,0.998803770706264,0.1449763851921,0.999997379581688,32.769967445,2.35005063243548,3.766372896,0.50964186615234,0.00773593377155,0.00309362338154604,-1.5814121536054,0.598985704229694,38.581610695,0.25781929919358,-1.713505447,0.139864349938822,32.769967445,2.35005063243548,3.766372896,0.50964186615234,0.00773593377155,0.00309362338154604
"Indian River-Vero Beach to Ft. Pierce Aquatic Preserve","Shell Height","dissolved_oxygen",6,0.988508118701377,0.757468009975499,0.999997379581688,35.52696832,2.11642306031353,2.6228065263161,1.08385482575811,0.499895850445859,0.867771963979364,5.8551310407265,1.71842510932886,38.593372735,0.236214208102995,5.648896936,0.266983904920833,35.52696832,2.11642306031353,2.6228065263161,1.08385482575811,0.499895850445859,0.867771963979364
"Indian River-Vero Beach to Ft. Pierce Aquatic Preserve","Shell Height","depth",6,0.37453465505348,0.371695448381034,0.999997379581688,38.220895795,1.48794645827528,1.07188534857753,0.800946789709944,1.9958566415,0.198040847962759,7.31885705,0.410021256985594,38.9248463,0.252974134165803,7.358214912,0.418912137098727,38.220895795,1.48794645827528,1.07188534857753,0.800946789709944,1.9958566415,0.198040847962759
"Indian River-Vero Beach to Ft. Pierce Aquatic Preserve","Percent Live","salinity",6,0.877908076638478,0.146931650100363,0.999863046205231,11.101774495465,2.36070514986025,1.6240825246709,1.44473937681768,1.4953303185887,0.877250111352579,-1.2685726470763,0.71285745565143,12.42635292,0.545911250736013,-0.9829212997235,0.314212843878058,11.101774495465,2.36070514986025,1.6240825246709,1.44473937681768,1.4953303185887,0.877250111352579
"Indian River-Vero Beach to Ft. Pierce Aquatic Preserve","Percent Live","dissolved_oxygen",6,0.755433625922432,0.754863730054142,0.999863046205231,11.747342274,1.14077377046857,0.83655072364135,0.637144166549152,1.9979187515,0.198602316733861,7.0447908675,0.590122478434545,11.9239965735,0.48852616670193,7.1219850855,0.595314466601031,11.747342274,1.14077377046857,0.83655072364135,0.637144166549152,1.9979187515,0.198602316733861
"Indian River-Vero Beach to Ft. Pierce Aquatic Preserve","Percent Live","depth",6,0.723426499584932,0.722710713783866,0.999863046205231,12.3255444965,1.07471702492304,0.834389720497925,0.620022020464869,1.9966530025,0.199551784210287,9.630961676,0.836717222770647,12.516626455,0.491478530942046,9.75041923,0.833178187411316,12.3255444965,1.07471702492304,0.834389720497925,0.620022020464869,1.9966530025,0.199551784210287
"Indian River-Vero Beach to Ft. Pierce Aquatic Preserve","Density","salinity",5,0.116874393701222,0.101832783472524,0.999994492348255,4.11108779355,1.25063014098114,0.8766348809882,0.669538103815808,2.0057222475,0.200500558327298,-0.14662724211033,0.169611676078562,4.026839113,0.287015523595523,-0.146728249082425,0.169472172213192,4.11108779355,1.25063014098114,0.8766348809882,0.669538103815808,2.0057222475,0.200500558327298
"Indian River-Vero Beach to Ft. Pierce Aquatic Preserve","Density","dissolved_oxygen",5,0.76000221954064,0.758278369837257,0.999994492348255,3.9100347065,0.951574281309746,0.791889252374095,0.592182273486705,1.994187389,0.201754285129092,0.9040231316275,0.334248279998345,3.938416708,0.275672373176837,0.9128771367537,0.337509896945693,3.9100347065,0.951574281309746,0.791889252374095,0.592182273486705,1.994187389,0.201754285129092
"Indian River-Vero Beach to Ft. Pierce Aquatic Preserve","Density","depth",5,0.367101486130686,0.364644761609013,0.999994492348255,4.0224457152,0.942379910750029,0.785479504212,0.586432649767758,1.996493295,0.199569690420414,0.9324850130564,0.495086589479373,4.0247211135,0.278777031335501,0.93546166383295,0.488384135557128,4.0224457152,0.942379910750029,0.785479504212,0.586432649767758,1.996493295,0.199569690420414
"Lemon Bay Aquatic Preserve","Shell Height","salinity",3,0.989874239587805,0.989871722471027,0.999995417237497,34.51425021,1.04966681673008,0.831388406001993,0.613002819551177,1.9990650405,0.200872919341868,0.82052128655,0.155558936859189,34.867638255,0.283610111748205,0.82457831875,0.154437274165564,34.51425021,1.04966681673008,0.831388406001993,0.613002819551177,1.9990650405,0.200872919341868
"Lemon Bay Aquatic Preserve","Shell Height","dissolved_oxygen",3,0.898450134458986,0.898454185832626,0.999995417237497,34.325114045,1.11449901687358,0.86906115595615,0.679288268020669,2.0074264175,0.204404213287278,-1.62953512385,0.325203099920906,34.720517775,0.273978870861666,-1.63664193095,0.332667164608999,34.325114045,1.11449901687358,0.86906115595615,0.679288268020669,2.0074264175,0.204404213287278
"Lemon Bay Aquatic Preserve","Shell Height","depth",3,0.547789088206684,0.547795378531113,0.999995417237497,33.99119755,1.02087287618168,0.81594999713979,0.613455247332859,2.002481197,0.19923056857616,5.6313905402935,1.96948212834688,34.333423745,0.253610153659464,5.69836538374,1.9605939996148,33.99119755,1.02087287618168,0.81594999713979,0.613455247332859,2.002481197,0.19923056857616
"Lemon Bay Aquatic Preserve","Percent Live","salinity",10,-0.390239627348778,-0.390039207823699,0.969516296132382,64.76129911,2.58614696466662,1.0632951754725,0.802968632488209,2.0034365485,0.20083583018771,0.63926422638916,0.38545405426229,66.94553941,1.16058759746622,0.80472141026775,0.398782940744854,64.76129911,2.58614696466662,1.0632951754725,0.802968632488209,2.0034365485,0.20083583018771
"Lemon Bay Aquatic Preserve","Percent Live","dissolved_oxygen",10,-0.365522090417802,-0.365427400307214,0.969516296132382,65.476276715,2.33258144748683,1.03237640210465,0.782347492051091,1.997273432,0.200549637777838,2.34343160658,0.884924661362981,67.625684905,1.18211592341761,2.8812764635795,0.935317639491675,65.476276715,2.33258144748683,1.03237640210465,0.782347492051091,1.997273432,0.200549637777838
"Lemon Bay Aquatic Preserve","Percent Live","depth",10,-0.141540855542952,-0.141524128722839,0.969516296132382,65.67850698,2.03262535942334,1.02892011403595,0.742916550526532,1.997952982,0.198127252265008,-11.4303381815,1.81309676723957,67.57284341,1.06041999568941,-12.62986541,1.86032189601472,65.67850698,2.03262535942334,1.02892011403595,0.742916550526532,1.997952982,0.198127252265008
"Lemon Bay Aquatic Preserve","Density","salinity",7,0.39559278425959,0.39249189931956,0.99976023765102,9.76087265,1.02233843810828,0.8965898754534,0.676412267552558,1.9989332515,0.200892760118816,1.04012921645,0.122901211785904,9.821980352,0.340894903764381,1.05143149985,0.121258114894284,9.76087265,1.02233843810828,0.8965898754534,0.676412267552558,1.9989332515,0.200892760118816
"Lemon Bay Aquatic Preserve","Density","dissolved_oxygen",7,0.39563684820991,0.392683066009933,0.99976023765102,9.8434015805,1.06623736114834,0.8965711060472,0.67023738035323,1.994743995,0.19609827806616,2.5848889005,0.284619939474018,9.946872567,0.335938555330626,2.6138490035,0.281646652305526,9.8434015805,1.06623736114834,0.8965711060472,0.67023738035323,1.994743995,0.19609827806616
"Lemon Bay Aquatic Preserve","Density","depth",7,0.807996908624629,0.807656776632267,0.99976023765102,9.5128528985,1.1877563821478,0.83599493826118,0.63293121474738,2.003487912,0.199181506907406,-8.378487295,0.503757848486997,9.4850239065,0.285234567084649,-8.4309628985,0.51121633366812,9.5128528985,1.1877563821478,0.83599493826118,0.63293121474738,2.003487912,0.199181506907406
"Pine Island Sound Aquatic Preserve","Shell Height","salinity",3,0.776284646953253,0.776284332343443,0.999998846624682,15.76016569,0.969494350735284,0.78441438149925,0.588680903323652,1.999026809,0.20132521903107,-34.228967535,1.09045237510798,15.84164318,0.401650311929595,-34.42945184,1.07698441713673,15.76016569,0.969494350735284,0.78441438149925,0.588680903323652,1.999026809,0.20132521903107
"Pine Island Sound Aquatic Preserve","Shell Height","dissolved_oxygen",3,0.826769848274418,0.775073310310889,0.999998846624682,17.25867609,3.08359258210791,1.34562400741635,1.11641737274937,1.50177083645854,0.883738549686561,16.40916693775,5.15987538622616,15.720870405,0.399536971397156,19.428555535,0.603021060431002,17.25867609,3.08359258210791,1.34562400741635,1.11641737274937,1.50177083645854,0.883738549686561
"Pine Island Sound Aquatic Preserve","Shell Height","depth",3,0.862974357987677,0.862967393477355,0.999998846624682,26.10310765,0.929841058846195,0.801735861922225,0.591479457052021,2.005303371,0.199328290062468,20.711758625,0.621956203500345,26.35539813,0.26673945222496,20.720172525,0.611969659577039,26.10310765,0.929841058846195,0.801735861922225,0.591479457052021,2.005303371,0.199328290062468
"Pine Island Sound Aquatic Preserve","Percent Live","salinity",3,0.975553592268082,0.975553873171412,0.999681277055281,45.895337705,3.81331707678528,0.8847269984027,0.672281649387385,2.002258852,0.20180035420851,-10.982747330171,6.52682433696818,52.479286445,3.93888609310748,-8.34930677769674,7.72219105620591,45.895337705,3.81331707678528,0.8847269984027,0.672281649387385,2.002258852,0.20180035420851
"Pine Island Sound Aquatic Preserve","Percent Live","dissolved_oxygen",3,0.975973926854824,0.975973755446342,0.999681277055281,44.879721175,3.95283105368546,0.88594980319625,0.668792164527378,2.0018075995,0.201347627131735,8.598920637382,4.29696817114508,50.973081095,4.26113550811366,7.8762345409702,5.69480352022105,44.879721175,3.95283105368546,0.88594980319625,0.668792164527378,2.0018075995,0.201347627131735
"Pine Island Sound Aquatic Preserve","Percent Live","depth",3,0.137106235120383,0.13706541901772,0.999681277055281,48.322525855,3.66117789586443,0.898858218715215,0.683141916040106,2.002006819,0.200574646441745,3.06347495214255,5.85416902924167,54.858449285,3.42524785752181,4.6210012336065,6.17485500501061,48.322525855,3.66117789586443,0.898858218715215,0.683141916040106,2.002006819,0.200574646441745
"Pine Island Sound Aquatic Preserve","Density","salinity",3,0.993372054602406,0.993372228392321,0.999999451815455,3.707320601815,0.916576274645726,0.77926431213715,0.585594198717827,2.0015081705,0.200377052939789,-6.372639255,0.766822766830368,3.7355821745,0.361523390427518,-6.398333709,0.778183277237183,3.707320601815,0.916576274645726,0.77926431213715,0.585594198717827,2.0015081705,0.200377052939789
"Pine Island Sound Aquatic Preserve","Density","dissolved_oxygen",3,0.993149519203239,0.993149845825491,0.999999451815455,3.67169654584,0.938866356870015,0.781517954493,0.584096849194587,2.002168749,0.199105556626125,3.5690975055,0.429952158174416,3.7304039605,0.361109315303911,3.5837697915,0.427410708129257,3.67169654584,0.938866356870015,0.781517954493,0.584096849194587,2.002168749,0.199105556626125
"Pine Island Sound Aquatic Preserve","Density","depth",3,0.456710967069874,0.456683440369218,0.999999451815455,3.92937401610655,1.01112115009414,0.793588723180792,0.580022394937736,2.0017861915,0.197771662652989,3.77177351776,1.09872731676482,3.9608285765,0.412578181010643,3.779633127675,1.10208246853098,3.92937401610655,1.01112115009414,0.793588723180792,0.580022394937736,2.0017861915,0.197771662652989
"Guana Tolomato Matanzas National Estuarine Research Reserve Guana_River","Shell Height","salinity",50,0.999475891568745,0.464487655974028,0.999827048819267,40.75469507,1.50107181528347,7.6190477875,0.412038287146624,0.000253253606741515,0.000100333821150493,-2.7696595607,0.831754069713376,41.24526299,0.187099119971994,-5.727601279,0.151988431972031,40.75469507,1.50107181528347,7.6190477875,0.412038287146624,0.000253253606741515,0.000100333821150493
"Guana Tolomato Matanzas National Estuarine Research Reserve Guana_River","Shell Height","dissolved_oxygen",50,0.999609754856597,0.29122412192266,0.999827048819267,41.075072075,1.24334560113385,7.940995063,0.442349513062817,0.00026969004495915,9.31601195812786e-05,-6.5588735639133,2.87885607221146,40.64976754,0.18884416886511,-16.152626315,0.647645261763934,41.075072075,1.24334560113385,7.940995063,0.442349513062817,0.00026969004495915,9.31601195812786e-05
"Guana Tolomato Matanzas National Estuarine Research Reserve Guana_River","Shell Height","depth",50,0.999652297365634,0.0863773805554038,0.999827048819267,41.07139628,1.25859261521817,8.1160869185,0.435863723123141,0.0002861539341663,8.75962931029149e-05,-0.723126389207065,1.11856677124404,39.3499619,0.195537199290072,-5.3995999205,0.268433537663415,41.07139628,1.25859261521817,8.1160869185,0.435863723123141,0.0002861539341663,8.75962931029149e-05
"Guana Tolomato Matanzas National Estuarine Research Reserve Guana_River","Percent Live","salinity",50,0.111628514179332,0.11157510157762,0.99946716970318,28.019923835,1.10206459824519,0.815907897844535,0.606291648131461,2.002807251,0.200408211597321,1.8662346876,0.404473193827228,28.393749275,0.519621603559762,2.12337761705,0.419583461541007,28.019923835,1.10206459824519,0.815907897844535,0.606291648131461,2.002807251,0.200408211597321
"Guana Tolomato Matanzas National Estuarine Research Reserve Guana_River","Percent Live","dissolved_oxygen",50,0.100350020066279,0.100320963156028,0.99946716970318,28.0387273,1.09424950045827,0.8091492468256,0.602488230465471,2.0003580265,0.200538465598397,6.487988956,1.4817284756804,28.405862805,0.517671894651967,7.2496424199,1.55470575461596,28.0387273,1.09424950045827,0.8091492468256,0.602488230465471,2.0003580265,0.200538465598397
"Guana Tolomato Matanzas National Estuarine Research Reserve Guana_River","Percent Live","depth",50,0.0956516939608877,0.0956064843600332,0.99946716970318,27.66489736,1.1015353286736,0.81635645723315,0.612446659145368,2.0002490955,0.197994049159494,-0.51524903673585,0.634625917986886,27.98246014,0.532570504719615,-0.5926179086911,0.672915116711514,27.66489736,1.1015353286736,0.81635645723315,0.612446659145368,2.0002490955,0.197994049159494
"Guana Tolomato Matanzas National Estuarine Research Reserve Guana_River","Density","salinity",50,0.366972278642981,0.366968112988788,0.999060237321863,13.208641564,1.18846006497114,0.79967279796308,0.609525018381068,1.998923372,0.199063682305011,1.912993514195,0.473945101426176,13.450640865,0.634837945610855,2.2816297583,0.511301128386673,13.208641564,1.18846006497114,0.79967279796308,0.609525018381068,1.998923372,0.199063682305011
"Guana Tolomato Matanzas National Estuarine Research Reserve Guana_River","Density","dissolved_oxygen",50,0.32155844466103,0.321535970988206,0.999060237321863,13.2391523755,1.16571400949874,0.798172613915675,0.605337380342205,2.0010165895,0.198664045540463,5.73392076108,1.77530207335112,13.46856069,0.653069506528778,6.724179455231,1.92470551030294,13.2391523755,1.16571400949874,0.798172613915675,0.605337380342205,2.0010165895,0.198664045540463
"Guana Tolomato Matanzas National Estuarine Research Reserve Guana_River","Density","depth",50,0.0348376692928778,0.0346510981550855,0.999060237321863,12.900223037,1.15515696145427,0.79424934711477,0.603688484804294,2.000702287,0.201412520158141,-0.517078286520195,0.772424527571278,13.05295073,0.663213839676408,-0.63600301320491,0.84357783368916,12.900223037,1.15515696145427,0.79424934711477,0.603688484804294,2.000702287,0.201412520158141
"Guana Tolomato Matanzas National Estuarine Research Reserve Salt_Run","Shell Height","salinity",38,0.945466200311115,0.195300079832993,0.999914688292443,38.821239305,6.21481106410756,3.4211062400801,3.03533021087209,1.5232972468325,0.892731486651197,-1.5346457443075,0.490648269061964,41.805926285,0.238580736477172,-1.6180623015,0.183861247573331,38.821239305,6.21481106410756,3.4211062400801,3.03533021087209,1.5232972468325,0.892731486651197
"Guana Tolomato Matanzas National Estuarine Research Reserve Salt_Run","Shell Height","dissolved_oxygen",38,0.977848578057611,0.102825023630206,0.999914688292443,41.87465664,1.64261886452811,2.74524544520321,3.2800343890848,1.49330253877411,0.880409649088695,-4.81780071921675,2.82051383791243,41.61944301,0.236914497424903,-5.413400842,1.01500968497337,41.87465664,1.64261886452811,2.74524544520321,3.2800343890848,1.49330253877411,0.880409649088695
"Guana Tolomato Matanzas National Estuarine Research Reserve Salt_Run","Shell Height","depth",38,0.986796299132528,0.118877595782307,0.999914688292443,41.658726745,1.85603781518529,2.74385181026465,3.21014122422606,1.49462401879105,0.879939576012766,0.46452281950102,0.325892822021837,41.34449321,0.234292326091998,0.44125066673595,0.134156934894816,41.658726745,1.85603781518529,2.74385181026465,3.21014122422606,1.49462401879105,0.879939576012766
"Guana Tolomato Matanzas National Estuarine Research Reserve Salt_Run","Percent Live","salinity",38,0.128929647227881,0.128930725231601,0.999338550989394,24.083035705,1.11322073529643,0.80143609594005,0.606077154106967,1.9993217525,0.200019739625657,1.2427931352135,0.416434400566186,24.35246535,0.591742026127646,1.3351200387038,0.432283379172475,24.083035705,1.11322073529643,0.80143609594005,0.606077154106967,1.9993217525,0.200019739625657
"Guana Tolomato Matanzas National Estuarine Research Reserve Salt_Run","Percent Live","dissolved_oxygen",38,0.103675619952071,0.103675754055512,0.999338550989394,24.17604742,1.14464440635256,0.8057041153871,0.607486180895932,2.0021878595,0.199350655632878,5.2321967316885,2.19844943993923,24.46951678,0.584166435313292,5.511794236451,2.25359823941895,24.17604742,1.14464440635256,0.8057041153871,0.607486180895932,2.0021878595,0.199350655632878
"Guana Tolomato Matanzas National Estuarine Research Reserve Salt_Run","Percent Live","depth",38,0.285669422147455,0.285667014323663,0.999338550989394,24.35026081,1.19124090198602,0.819525691869915,0.61769754272899,2.000113624,0.200597084056307,0.986333888285,0.273145419646193,24.70291348,0.582128980704275,1.086066084251,0.28962076841533,24.35026081,1.19124090198602,0.819525691869915,0.61769754272899,2.000113624,0.200597084056307
"Guana Tolomato Matanzas National Estuarine Research Reserve Salt_Run","Density","salinity",38,0.365348419039537,0.365351659107473,0.999744007171855,9.3759654265,1.11651419022341,0.796012247062952,0.595069258966219,2.000731815,0.19865927946185,2.596211349,0.42893060516472,9.471376509,0.537358663290342,2.8239990625,0.447076880703866,9.3759654265,1.11651419022341,0.796012247062952,0.595069258966219,2.000731815,0.19865927946185
"Guana Tolomato Matanzas National Estuarine Research Reserve Salt_Run","Density","dissolved_oxygen",38,0.272771379982135,0.272757036606676,0.999744007171855,9.460704099,1.19872929609735,0.8029567730662,0.607134502472625,2.0001014765,0.19987559074903,10.203647552,2.3895552206185,9.6032546785,0.555662830067949,10.9934062863,2.50054805244873,9.460704099,1.19872929609735,0.8029567730662,0.607134502472625,2.0001014765,0.19987559074903
"Guana Tolomato Matanzas National Estuarine Research Reserve Salt_Run","Density","depth",38,0.167617035757658,0.167470492276807,0.999744007171855,9.5384546525,1.15451978603573,0.795425754893585,0.600675218700302,2.000735577,0.19782101929588,0.41970644706161,0.275995660594459,9.684271089,0.583119522045853,0.4616692174495,0.2864722725712,9.5384546525,1.15451978603573,0.795425754893585,0.600675218700302,2.000735577,0.19782101929588
"Guana Tolomato Matanzas National Estuarine Research Reserve Tolomato_River","Shell Height","salinity",46,0.248822600302953,0.248918901423822,0.999745414715419,38.122262855,1.12470925954207,0.88580262228339,0.651881985330548,1.997807485,0.199351165729244,-1.3878198645,0.131333325542172,38.56447351,0.219460021551382,-1.447962629,0.129913523697476,38.122262855,1.12470925954207,0.88580262228339,0.651881985330548,1.997807485,0.199351165729244
"Guana Tolomato Matanzas National Estuarine Research Reserve Tolomato_River","Shell Height","dissolved_oxygen",46,0.222115138198853,0.220200431931063,0.999745414715419,37.209442985,1.86227635003723,1.5247747581403,1.07489721810248,1.96467352665,0.21678832182495,-3.300259154,0.505806112987962,38.25737959,0.216307124418119,-3.377119668,0.497805076938977,37.209442985,1.86227635003723,1.5247747581403,1.07489721810248,1.96467352665,0.21678832182495
"Guana Tolomato Matanzas National Estuarine Research Reserve Tolomato_River","Shell Height","depth",46,0.998543238027274,0.121729779716834,0.999745414715419,40.756523415,0.911462303180852,5.9356157045,0.410964065528729,0.000274402050950275,0.000136180074742822,0.708765982963815,0.800286450433423,38.189945105,0.215655755395679,1.45288263185,0.248313345600823,40.756523415,0.911462303180852,5.9356157045,0.410964065528729,0.000274402050950275,0.000136180074742822
"Guana Tolomato Matanzas National Estuarine Research Reserve Tolomato_River","Percent Live","salinity",46,-0.00280134611330771,-0.00288543116774657,0.99971314381106,20.48733619,1.21106073257297,0.8122202799944,0.617155229449483,1.9999643955,0.202327919809727,-0.1418997572009,0.25659401185048,20.79791308,0.606292830962694,-0.173065622937265,0.281332802147571,20.48733619,1.21106073257297,0.8122202799944,0.617155229449483,1.9999643955,0.202327919809727
"Guana Tolomato Matanzas National Estuarine Research Reserve Tolomato_River","Percent Live","dissolved_oxygen",46,0.0684194811224757,0.0683700195324809,0.99971314381106,20.535615605,1.14969751995399,0.80804502028441,0.60158682265258,2.000178398,0.199246096784574,1.1035222841142,1.18523523759715,20.824159605,0.598387513271748,1.2909251368674,1.30885056416387,20.535615605,1.14969751995399,0.80804502028441,0.60158682265258,2.000178398,0.199246096784574
"Guana Tolomato Matanzas National Estuarine Research Reserve Tolomato_River","Percent Live","depth",46,0.0309262680983511,0.0309011796309824,0.99971314381106,20.49136833,1.2197562782519,0.81607636490052,0.617214871638397,1.997092893,0.202692540525422,-0.206644783647525,0.584626695253683,20.761626795,0.600999347277765,-0.252339710598945,0.631668259209237,20.49136833,1.2197562782519,0.81607636490052,0.617214871638397,1.997092893,0.202692540525422
"Guana Tolomato Matanzas National Estuarine Research Reserve Tolomato_River","Density","salinity",46,0.28076628007606,0.280726575458615,0.99939207288227,8.390081714,1.09581431559015,0.793975582418305,0.598761299644141,1.999237238,0.198719632619706,0.64867166897825,0.252333550173512,8.487301924,0.531329004041211,0.7507145165315,0.270710768451453,8.390081714,1.09581431559015,0.793975582418305,0.598761299644141,1.999237238,0.198719632619706
"Guana Tolomato Matanzas National Estuarine Research Reserve Tolomato_River","Density","dissolved_oxygen",46,0.205434204509456,0.205422685518013,0.99939207288227,8.526889511,1.05841716234191,0.79560015289621,0.593701810090893,1.999363387,0.20289554953219,2.04748920958165,1.10355340488555,8.624710066,0.527388301824577,2.346674485159,1.17729655697219,8.526889511,1.05841716234191,0.79560015289621,0.593701810090893,1.999363387,0.20289554953219
"Guana Tolomato Matanzas National Estuarine Research Reserve Tolomato_River","Density","depth",46,0.0507730528804439,0.0502712650758481,0.99939207288227,8.572634223,1.08446357142892,0.78839848545543,0.592962415237658,2.0021149915,0.202378018375579,0.208122208513345,0.542765321183473,8.6655521545,0.54136903937684,0.234401934830325,0.577206981044122,8.572634223,1.08446357142892,0.78839848545543,0.592962415237658,2.0021149915,0.202378018375579
"Guana Tolomato Matanzas National Estuarine Research Reserve St_Augustine","Shell Height","salinity",6,0.240710109052395,0.240669037381324,0.999849209404377,32.906393515,1.28539727051818,0.84831696638582,0.631514834130394,1.999975073,0.19998855562925,0.4170754104484,0.241196596981403,33.37186395,0.624115030866895,0.455752825979395,0.244828075919421,32.906393515,1.28539727051818,0.84831696638582,0.631514834130394,1.999975073,0.19998855562925
"Guana Tolomato Matanzas National Estuarine Research Reserve St_Augustine","Shell Height","dissolved_oxygen",6,0.174272245096688,0.174253475124813,0.999849209404377,32.528015895,1.2745319164643,0.83617605974583,0.623011004506975,1.9991589635,0.199904914399898,2.6983765002574,2.06275488424365,32.983034535,0.559249421706109,2.8544115701047,2.05229379793437,32.528015895,1.2745319164643,0.83617605974583,0.623011004506975,1.9991589635,0.199904914399898
"Guana Tolomato Matanzas National Estuarine Research Reserve St_Augustine","Shell Height","depth",6,0.308606588862168,0.308427375959558,0.999849209404377,32.40880045,1.22252290147998,0.833267488581,0.62386226190714,2.0001745525,0.197730396164394,0.13916618795892,0.361747748246812,32.904396935,0.589108651262444,0.175117112149565,0.36384982684885,32.40880045,1.22252290147998,0.833267488581,0.62386226190714,2.0001745525,0.197730396164394
"Guana Tolomato Matanzas National Estuarine Research Reserve St_Augustine","Percent Live","salinity",6,0.321377688770984,0.321257627011455,0.999865609302556,15.402275324,1.60620262353692,0.799196142637755,0.610226554964415,1.9994217375,0.198399704529377,-0.604617142523016,0.369590103152251,15.764035615,1.24363169521074,-0.66176098527621,0.384126071266466,15.402275324,1.60620262353692,0.799196142637755,0.610226554964415,1.9994217375,0.198399704529377
"Guana Tolomato Matanzas National Estuarine Research Reserve St_Augustine","Percent Live","dissolved_oxygen",6,0.859731155539804,0.859723580050021,0.999865609302556,16.313372779,1.41812415504667,0.7965439223152,0.601491571741908,2.0027297985,0.199960019729042,-14.953279921,3.22201750085135,16.68486848,1.01641633250432,-15.895595804,3.27435604707235,16.313372779,1.41812415504667,0.7965439223152,0.601491571741908,2.0027297985,0.199960019729042
"Guana Tolomato Matanzas National Estuarine Research Reserve St_Augustine","Percent Live","depth",6,0.505785681538769,0.505717474720426,0.999865609302556,15.657591994,1.57429308034269,0.80175233280525,0.60433884672068,1.999182543,0.200546406114155,-1.45344241976175,0.671956084785012,16.082713165,1.22381030662497,-1.634736897116,0.704728818785924,15.657591994,1.57429308034269,0.80175233280525,0.60433884672068,1.999182543,0.200546406114155
"Guana Tolomato Matanzas National Estuarine Research Reserve St_Augustine","Density","salinity",6,0.465842845123654,0.465824571237041,0.999597018082125,10.06144100875,2.39446953441142,0.791993842188515,0.605095825364121,2.000723753,0.198960604336207,-1.27008833985353,0.673379183816925,10.449991401,2.2512238203496,-1.780352153384,0.791982040761421,10.06144100875,2.39446953441142,0.791993842188515,0.605095825364121,2.000723753,0.198960604336207
"Guana Tolomato Matanzas National Estuarine Research Reserve St_Augustine","Density","dissolved_oxygen",6,0.501028211723908,0.501024509754846,0.999597018082125,11.54187690795,2.38693353524194,0.7941680743069,0.602469870808804,1.999981169,0.200705454767782,-11.9611674800285,5.46247868632756,12.4201020445,2.17494656211851,-14.5352456079014,5.8202003021069,11.54187690795,2.38693353524194,0.7941680743069,0.602469870808804,1.999981169,0.200705454767782
"Guana Tolomato Matanzas National Estuarine Research Reserve St_Augustine","Density","depth",6,0.427805701324111,0.427795019628494,0.999597018082125,10.36006582325,2.38220151295533,0.79728253430921,0.61009318833317,1.9993590855,0.20299718926318,-1.90657546188115,1.04111165910163,10.97104878275,2.2492381751281,-2.53122961437615,1.19016367907541,10.36006582325,2.38220151295533,0.79728253430921,0.61009318833317,1.9993590855,0.20299718926318
"Guana Tolomato Matanzas National Estuarine Research Reserve Pellicer_Flats","Shell Height","salinity",21,0.478933473911973,0.479055801231801,0.999997571991734,30.8654886,1.03669333548047,0.975806146781084,0.713994527798086,1.989232411,0.200970864905548,-1.13189154055,0.0424907195013363,31.142114645,0.131439455946656,-1.13626664355,0.0422457459571572,30.8654886,1.03669333548047,0.975806146781084,0.713994527798086,1.989232411,0.200970864905548
"Guana Tolomato Matanzas National Estuarine Research Reserve Pellicer_Flats","Shell Height","dissolved_oxygen",21,0.999780662754177,0.477409883876939,0.999997571991734,30.736364365,1.15011190548329,4.6338343785,0.442670107615606,0.000605753435331805,0.000240267436986387,-9.44898751089,3.63540514707157,31.2961442,0.132752571111135,-14.910118465,0.592424234364376,30.736364365,1.15011190548329,4.6338343785,0.442670107615606,0.000605753435331805,0.000240267436986387
"Guana Tolomato Matanzas National Estuarine Research Reserve Pellicer_Flats","Shell Height","depth",21,0.774180383909583,0.286747397284362,0.999997571991734,30.26363587,1.34186125519584,2.02191570945635,1.78210786856305,1.49185183226309,0.877787711806975,-14.0528977294521,4.95416152625723,30.58485427,0.136420563586563,-16.751296615,0.971297901330327,30.26363587,1.34186125519584,2.02191570945635,1.78210786856305,1.49185183226309,0.877787711806975
"Guana Tolomato Matanzas National Estuarine Research Reserve Pellicer_Flats","Percent Live","salinity",22,0.131880210977663,0.131877936507812,0.999577277849946,24.19496849,1.64026126833183,0.8185711430631,0.609873811836275,2.002075292,0.200555523499491,0.33426723359142,0.374591567969818,24.84699781,1.31322873137441,0.470129659833935,0.447506938262815,24.19496849,1.64026126833183,0.8185711430631,0.609873811836275,2.002075292,0.200555523499491
"Guana Tolomato Matanzas National Estuarine Research Reserve Pellicer_Flats","Percent Live","dissolved_oxygen",22,0.151176070870062,0.15117501155424,0.999577277849946,24.1743279,1.65277909943984,0.82859016308085,0.615728994240569,1.998768176,0.201187113255621,2.74897161534099,3.07645967801255,24.819066185,1.30512152506531,3.657522004462,3.6272393064064,24.1743279,1.65277909943984,0.82859016308085,0.615728994240569,1.998768176,0.201187113255621
"Guana Tolomato Matanzas National Estuarine Research Reserve Pellicer_Flats","Percent Live","depth",22,0.476932119868688,0.476932575616642,0.999577277849946,24.515565365,1.59134232629403,0.81985743647928,0.621324925952236,1.999030448,0.199714054164225,20.21177664145,5.75878818848786,25.176612085,1.21310207007163,24.95996801615,6.19360615558137,24.515565365,1.59134232629403,0.81985743647928,0.621324925952236,1.999030448,0.199714054164225
"Guana Tolomato Matanzas National Estuarine Research Reserve Pellicer_Flats","Density","salinity",20,0.248107927593898,0.248108068958914,0.98641663014624,20.593156375,2.25797951448629,0.808711435717285,0.610778421150526,2.0010178235,0.198685851875554,0.90571616299713,0.669897379425258,21.83562812,2.09977795124258,1.53721620221005,0.858618812915584,20.593156375,2.25797951448629,0.808711435717285,0.610778421150526,2.0010178235,0.198685851875554
"Guana Tolomato Matanzas National Estuarine Research Reserve Pellicer_Flats","Density","dissolved_oxygen",20,0.224263027607343,0.224267378820227,0.98641663014624,20.470927719,2.28635704775352,0.814671324485215,0.612507771273692,2.0002357485,0.197952327609453,5.56851026866165,5.57890417819103,21.64938087,2.10475795276869,7.96012807856245,6.47355762225348,20.470927719,2.28635704775352,0.814671324485215,0.612507771273692,2.0002357485,0.197952327609453
"Guana Tolomato Matanzas National Estuarine Research Reserve Pellicer_Flats","Density","depth",20,-0.0267388616859823,-0.0273007726808581,0.98641663014624,20.307063108,2.33002585237408,0.8095519420738,0.609206299402122,2.0006129225,0.198706793423128,0.0467756288074,7.21618719759685,21.43013379,2.11018099277227,0.1792001788787,8.35960204958196,20.307063108,2.33002585237408,0.8095519420738,0.609206299402122,2.0006129225,0.198706793423128
"Guana Tolomato Matanzas National Estuarine Research Reserve Butler_Beach","Shell Height","salinity",35,0.864685323952645,0.0922585802327463,0.999801857764422,37.619626155,1.45637740767017,2.12168351212017,2.1835605452039,1.4988194061436,0.883896850449762,0.49616471247535,0.25827226484925,37.48856553,0.208711111494386,0.61136327325,0.0864527413147844,37.619626155,1.45637740767017,2.12168351212017,2.1835605452039,1.4988194061436,0.883896850449762
"Guana Tolomato Matanzas National Estuarine Research Reserve Butler_Beach","Shell Height","dissolved_oxygen",35,0.54952600944902,0.212859582293744,0.999801857764422,38.53594938,1.53685114595944,2.0673181795937,2.00765289090754,1.48543567823352,0.875596588216014,-21.4645646931545,9.5027262840595,38.8823689,0.228804630905378,-28.167686535,1.76561203279619,38.53594938,1.53685114595944,2.0673181795937,2.00765289090754,1.48543567823352,0.875596588216014
"Guana Tolomato Matanzas National Estuarine Research Reserve Butler_Beach","Shell Height","depth",35,0.834321829266846,0.188677082687468,0.999801857764422,37.958941575,1.51809882502495,2.06282143064724,2.03532893521301,1.49629815793425,0.880454410157374,-2.43830647623061,0.930243619881898,37.835762255,0.227896420798453,-2.8748119469,0.441056820339827,37.958941575,1.51809882502495,2.06282143064724,2.03532893521301,1.49629815793425,0.880454410157374
"Guana Tolomato Matanzas National Estuarine Research Reserve Butler_Beach","Percent Live","salinity",35,0.0690972831944863,0.0689042335211416,0.99916726618251,18.66933863,1.35803628882766,0.819837876758985,0.622091008841431,1.998810135,0.200937015614928,0.057883766350151,0.313593345498498,19.01943114,0.776389465078175,0.072970756025625,0.344124698793477,18.66933863,1.35803628882766,0.819837876758985,0.622091008841431,1.998810135,0.200937015614928
"Guana Tolomato Matanzas National Estuarine Research Reserve Butler_Beach","Percent Live","dissolved_oxygen",35,0.332061411790251,0.332041525098414,0.99916726618251,18.356207985,1.21614962007751,0.7973966505378,0.59890988722891,2.0000939145,0.199400298928368,13.5379700378,3.49838801298755,18.5788162,0.750791850818669,16.0813273635,3.78820014563624,18.356207985,1.21614962007751,0.7973966505378,0.59890988722891,2.0000939145,0.199400298928368
"Guana Tolomato Matanzas National Estuarine Research Reserve Butler_Beach","Percent Live","depth",35,0.4506504827543,0.45061563331204,0.99916726618251,18.31526011,1.22227576781486,0.804475674672445,0.605944768054855,2.0010203405,0.198999108356056,5.8036733655,1.10795421839877,18.50978584,0.733099658517831,7.154783752,1.2425620918335,18.31526011,1.22227576781486,0.804475674672445,0.605944768054855,2.0010203405,0.198999108356056
"Guana Tolomato Matanzas National Estuarine Research Reserve Butler_Beach","Density","salinity",35,0.0297547491685677,0.0297668636569815,0.999840209895883,7.2968758485,1.06449719845967,0.79292666691795,0.591408782304371,2.0008999365,0.200017709311958,-0.27450610458749,0.22189642138703,7.3716436325,0.515569837512657,-0.302868766249189,0.232755570889397,7.2968758485,1.06449719845967,0.79292666691795,0.591408782304371,2.0008999365,0.200017709311958
"Guana Tolomato Matanzas National Estuarine Research Reserve Butler_Beach","Density","dissolved_oxygen",35,0.348926329504565,0.348925327989817,0.999840209895883,7.2956450115,1.05859900962418,0.79611743375901,0.592286742001477,1.9997837815,0.202424114551732,9.60259178125,2.36778898755935,7.3663411815,0.487081352457148,10.40887053315,2.4993422502646,7.2956450115,1.05859900962418,0.79611743375901,0.592286742001477,1.9997837815,0.202424114551732
"Guana Tolomato Matanzas National Estuarine Research Reserve Butler_Beach","Density","depth",35,0.351042640071125,0.351032000127763,0.999840209895883,7.2354927835,1.08757003357841,0.80054742707983,0.61050591008645,1.99887982,0.201396151861839,3.016894279022,0.771910655768201,7.3441964785,0.495995523700366,3.315653011105,0.790511476210478,7.2354927835,1.08757003357841,0.80054742707983,0.61050591008645,1.99887982,0.201396151861839
"Guana Tolomato Matanzas National Estuarine Research Reserve Fort_Matanzas","Shell Height","salinity",41,0.117956106421968,0.120971813064926,0.999831322121826,37.767156155,2.12600088898549,1.1133706114679,0.847438309965707,2.0007581235,0.205574628495634,0.062975734305676,0.360976054869384,39.026602625,0.188111964479053,0.01847060828536,0.36179175154017,37.767156155,2.12600088898549,1.1133706114679,0.847438309965707,2.0007581235,0.205574628495634
"Guana Tolomato Matanzas National Estuarine Research Reserve Fort_Matanzas","Shell Height","dissolved_oxygen",41,0.00836484556498761,0.00943896247817709,0.999831322121826,38.367590565,1.3306329231055,0.899325315667805,0.647579208822036,1.999940211,0.200351913783631,-2.1194779011455,1.1090391157204,38.96876635,0.193867274548038,-2.11869501805165,1.13147716863117,38.367590565,1.3306329231055,0.899325315667805,0.647579208822036,1.999940211,0.200351913783631
"Guana Tolomato Matanzas National Estuarine Research Reserve Fort_Matanzas","Shell Height","depth",41,0.111760973522083,0.112112971886172,0.999831322121826,38.800913,0.926646536854379,0.80835198728995,0.587417306148616,1.9988394535,0.200951965492,0.94472005535,0.249124604131697,39.140012,0.192805945555712,0.96207991748,0.246922416142874,38.800913,0.926646536854379,0.80835198728995,0.587417306148616,1.9988394535,0.200951965492
"Guana Tolomato Matanzas National Estuarine Research Reserve Fort_Matanzas","Percent Live","salinity",41,0.198075193326503,0.198061806999084,0.999329532091515,20.89470456,1.23651701802078,0.8174334568936,0.607011899716006,2.0010795435,0.201737121796838,1.9158247899535,1.01741078438647,21.250299085,0.67643733000163,2.310198163748,1.09337109377356,20.89470456,1.23651701802078,0.8174334568936,0.607011899716006,2.0010795435,0.201737121796838
"Guana Tolomato Matanzas National Estuarine Research Reserve Fort_Matanzas","Percent Live","dissolved_oxygen",41,0.110995241930955,0.110921163289885,0.999329532091515,20.79343766,1.23438464149951,0.8184585449667,0.626851850861575,1.9989792285,0.203232503081016,-4.32688585800065,3.25660473300961,21.09895382,0.685300935802687,-5.09970694711135,3.5176630278964,20.79343766,1.23438464149951,0.8184585449667,0.626851850861575,1.9989792285,0.203232503081016
"Guana Tolomato Matanzas National Estuarine Research Reserve Fort_Matanzas","Percent Live","depth",41,0.303817161212685,0.303791685827046,0.999329532091515,20.817270635,1.20842926638583,0.81346296546925,0.613277506047811,2.0020442,0.199974434391851,-2.048894985479,0.856275140485509,21.112364775,0.672099989224427,-2.43919351824455,0.94019115320442,20.817270635,1.20842926638583,0.81346296546925,0.613277506047811,2.0020442,0.199974434391851
"Guana Tolomato Matanzas National Estuarine Research Reserve Fort_Matanzas","Density","salinity",41,0.166440154292918,0.166445275618336,0.999583692286163,9.393801578,1.0828049633734,0.7955616715398,0.59232560657166,1.9979025325,0.20210226592566,1.10651416226655,0.827034399036641,9.51716055,0.562916629481333,1.24933015410448,0.874839610079525,9.393801578,1.0828049633734,0.7955616715398,0.59232560657166,1.9979025325,0.20210226592566
"Guana Tolomato Matanzas National Estuarine Research Reserve Fort_Matanzas","Density","dissolved_oxygen",41,0.055823602110157,0.0486739046179942,0.999583692286163,9.3410507195,1.09912587495864,0.7946550012144,0.593443476497497,2.0007215335,0.200105743717782,0.032752933206655,2.7886089775039,9.475818902,0.578980712671533,0.064794017205749,2.96558745457568,9.3410507195,1.09912587495864,0.7946550012144,0.593443476497497,2.0007215335,0.200105743717782
"Guana Tolomato Matanzas National Estuarine Research Reserve Fort_Matanzas","Density","depth",41,0.25413675042006,0.254110016902837,0.999583692286163,9.336334305,1.06935477408962,0.782968257429511,0.594475238094071,1.999068921,0.201957383965263,-1.62771248289728,0.766774570703201,9.433253541,0.568931972300509,-1.865199048479,0.806203671196137,9.336334305,1.06935477408962,0.782968257429511,0.594475238094071,1.999068921,0.201957383965263
